attach_id,attach_ext,attach_file,attach_location,attach_thumb_location,attach_thumb_width,attach_thumb_height,attach_is_image,attach_hits,attach_date,attach_post_key,attach_member_id,attach_filesize,attach_img_width,attach_img_height,attach_is_archived
2,jpg,1056.jpg,monthly_09_2011/post-7-0-17962900-1316124617.jpg,monthly_09_2011/post-7-0-17962900-1316124617.jpg,0,0,1,0,1316124617,"",7,82028,375,420,0
3,jpg,1057.jpg,monthly_09_2011/post-7-0-91434600-1316124620.jpg,monthly_09_2011/post-7-0-91434600-1316124620.jpg,0,0,1,0,1316124620,"",7,81507,437,458,0
4,jpg,1091.jpg,monthly_09_2011/post-7-0-24813900-1316124623.jpg,monthly_09_2011/post-7-0-24813900-1316124623.jpg,0,0,1,0,1316124623,"",7,81670,447,447,0
5,jpg,1108.jpg,monthly_09_2011/post-7-0-41541000-1316124625.jpg,monthly_09_2011/post-7-0-41541000-1316124625.jpg,0,0,1,0,1316124625,"",7,76741,442,451,0
6,jpg,"FASCIST UNION of BRITISH WORKERS LAPEL BADGE.jpg",monthly_09_2011/post-7-0-49878800-1316124627.jpg,monthly_09_2011/post-7-0-49878800-1316124627.jpg,0,0,1,0,1316124627,"",7,79003,521,384,0
7,jpg,post-2711-1175813049.jpg,monthly_09_2011/post-7-0-38395500-1316124701.jpg,monthly_09_2011/post-7-0-38395500-1316124701.jpg,0,0,1,0,1316124701,"",7,101963,600,753,0
8,jpg,post-2842-1175867388.jpg,monthly_09_2011/post-7-0-20542300-1316124703.jpg,monthly_09_2011/post-7-0-20542300-1316124703.jpg,0,0,1,0,1316124703,"",7,59702,954,1236,0
9,jpg,1029.jpg,monthly_09_2011/post-7-0-93191300-1316125000.jpg,monthly_09_2011/post-7-0-93191300-1316125000.jpg,0,0,1,0,1316125000,"",7,65169,693,227,0
10,jpg,1030.jpg,monthly_09_2011/post-7-0-08373900-1316125005.jpg,monthly_09_2011/post-7-0-08373900-1316125005.jpg,0,0,1,0,1316125005,"",7,71945,317,499,0
11,jpg,1189.jpg,monthly_09_2011/post-7-0-74044300-1316125007.jpg,monthly_09_2011/post-7-0-74044300-1316125007.jpg,0,0,1,0,1316125007,"",7,63204,237,667,0
12,jpg,1248.jpg,monthly_09_2011/post-7-0-98145300-1316125010.jpg,monthly_09_2011/post-7-0-98145300-1316125010.jpg,0,0,1,0,1316125010,"",7,69796,398,395,0
13,jpg,1478.jpg,monthly_09_2011/post-7-0-57937000-1316125030.jpg,monthly_09_2011/post-7-0-57937000-1316125030.jpg,0,0,1,0,1316125030,"",7,543007,1200,900,0
14,jpg,DSC00408.JPG,monthly_09_2011/post-7-0-88121800-1316125034.jpg,monthly_09_2011/post-7-0-88121800-1316125034.jpg,0,0,1,0,1316125034,"",7,59278,480,640,0
15,jpg,f3.jpg,monthly_09_2011/post-7-0-01145400-1316125040.jpg,monthly_09_2011/post-7-0-01145400-1316125040.jpg,0,0,1,0,1316125040,"",7,105750,697,486,0
16,jpg,k984.jpg,monthly_09_2011/post-7-0-43784900-1316125051.jpg,monthly_09_2011/post-7-0-43784900-1316125051.jpg,0,0,1,0,1316125051,"",7,294665,900,1147,0
17,jpg,post-2711-1172428138.jpg,monthly_09_2011/post-7-0-02582100-1316125055.jpg,monthly_09_2011/post-7-0-02582100-1316125055.jpg,0,0,1,0,1316125055,"",7,94761,400,774,0
18,jpg,1310046770193.jpg,monthly_09_2011/post-7-0-37275100-1316131491.jpg,monthly_09_2011/post-7-0-37275100-1316131491.jpg,0,0,1,0,1316131491,"",7,171763,480,358,0
19,jpg,1310046792707.jpg,monthly_09_2011/post-7-0-40129600-1316131497.jpg,monthly_09_2011/post-7-0-40129600-1316131497.jpg,0,0,1,0,1316131497,"",7,178631,480,358,0
20,jpg,1310046813769.jpg,monthly_09_2011/post-7-0-44686000-1316131502.jpg,monthly_09_2011/post-7-0-44686000-1316131502.jpg,0,0,1,0,1316131502,"",7,157891,480,350,0
21,jpg,1310046832962.jpg,monthly_09_2011/post-7-0-40217700-1316131507.jpg,monthly_09_2011/post-7-0-40217700-1316131507.jpg,0,0,1,0,1316131507,"",7,146439,480,354,0
22,jpg,1310046851527.jpg,monthly_09_2011/post-7-0-92348400-1316131511.jpg,monthly_09_2011/post-7-0-92348400-1316131511.jpg,0,0,1,0,1316131511,"",7,146230,480,359,0
23,jpg,1310046886845.jpg,monthly_09_2011/post-7-0-66287300-1316131515.jpg,monthly_09_2011/post-7-0-66287300-1316131515.jpg,0,0,1,0,1316131515,"",7,124687,450,337,0
24,jpg,1310046934624.jpg,monthly_09_2011/post-7-0-81262300-1316131519.jpg,monthly_09_2011/post-7-0-81262300-1316131519.jpg,0,0,1,0,1316131519,"",7,132628,450,339,0
25,jpg,1310047000118.jpg,monthly_09_2011/post-7-0-83497000-1316131523.jpg,monthly_09_2011/post-7-0-83497000-1316131523.jpg,0,0,1,0,1316131523,"",7,125646,450,334,0
26,jpg,1310047018124.jpg,monthly_09_2011/post-7-0-73204900-1316131528.jpg,monthly_09_2011/post-7-0-73204900-1316131528.jpg,0,0,1,0,1316131528,"",7,157359,480,374,0
27,jpg,1310047038897.jpg,monthly_09_2011/post-7-0-92327300-1316131533.jpg,monthly_09_2011/post-7-0-92327300-1316131533.jpg,0,0,1,0,1316131533,"",7,161920,480,363,0
28,png,fffffffffff.png,monthly_09_2011/post-7-0-75445400-1316137954.png,monthly_09_2011/post-7-0-75445400-1316137954.png,0,0,1,0,1316137954,"",7,95819,590,100,0
30,png,rgrgrd.png,monthly_09_2011/post-7-0-29070300-1316138356.png,monthly_09_2011/post-7-0-29070300-1316138356.png,0,0,1,0,1316138356,"",7,79907,580,100,0
31,jpg,DSC00335.JPG,monthly_09_2011/post-7-0-16425900-1316184047.jpg,monthly_09_2011/post-7-0-16425900-1316184047.jpg,0,0,1,0,1316184047,"",7,54443,640,480,0
32,jpg,DSC00409.JPG,monthly_09_2011/post-7-0-94879500-1316184049.jpg,monthly_09_2011/post-7-0-94879500-1316184049.jpg,0,0,1,0,1316184049,"",7,61216,480,640,0
33,jpg,DSC00410.JPG,monthly_09_2011/post-7-0-56817000-1316184051.jpg,monthly_09_2011/post-7-0-56817000-1316184051.jpg,0,0,1,0,1316184051,"",7,52357,640,480,0
34,jpg,DSC00411.JPG,monthly_09_2011/post-7-0-05499600-1316184053.jpg,monthly_09_2011/post-7-0-05499600-1316184053.jpg,0,0,1,0,1316184053,"",7,45704,640,480,0
35,jpg,DSC00412.JPG,monthly_09_2011/post-7-0-53127200-1316184054.jpg,monthly_09_2011/post-7-0-53127200-1316184054.jpg,0,0,1,0,1316184054,"",7,43496,640,480,0
36,jpg,DSC00407.JPG,monthly_09_2011/post-7-0-23183400-1316192785.jpg,monthly_09_2011/post-7-0-23183400-1316192785.jpg,0,0,1,0,1316192785,"",7,31246,640,480,0
37,jpg,post-2842-1175886852.jpg,monthly_09_2011/post-7-0-08912100-1316192869.jpg,monthly_09_2011/post-7-0-08912100-1316192869.jpg,0,0,1,0,1316192869,"",7,25054,480,480,0
38,png,dfv.png,monthly_09_2011/post-7-0-60378200-1316218036.png,monthly_09_2011/post-7-0-60378200-1316218036.png,0,0,1,0,1316218036,"",7,711105,776,1548,0
39,png,rdgeger.png,monthly_09_2011/post-7-0-76443700-1316218039.png,monthly_09_2011/post-7-0-76443700-1316218039.png,0,0,1,0,1316218039,"",7,115711,742,501,0
40,png,whythesebigavatarsarefuckingstupid.png,monthly_09_2011/post-7-0-47432700-1316218858.png,monthly_09_2011/post-7-0-47432700-1316218858.png,0,0,1,0,1316218858,"",7,65604,764,703,0
41,png,eheh.png,monthly_09_2011/post-7-0-34589600-1316222147.png,monthly_09_2011/post-7-0-34589600-1316222147.png,0,0,1,0,1316222147,"",7,57620,580,100,0
42,png,final2.png,monthly_09_2011/post-7-0-58808400-1316223659.png,monthly_09_2011/post-7-0-58808400-1316223659.png,0,0,1,0,1316223659,"",7,60235,580,100,0
44,png,final1.png,monthly_09_2011/post-7-0-13916000-1316225144.png,monthly_09_2011/post-7-0-13916000-1316225144.png,0,0,1,0,1316225144,"",7,54582,580,100,0
45,png,ironhead.png,monthly_09_2011/post-7-0-75633800-1316309611.png,monthly_09_2011/post-7-0-75633800-1316309611.png,0,0,1,0,1316309611,"",7,48530,580,100,0
92,jpg,1308771484372.jpg,monthly_09_2011/post-7-0-04932400-1316641136.jpg,monthly_09_2011/post-7-0-04932400-1316641136.jpg,0,0,1,0,1316641136,"",7,281519,1008,1600,0
93,jpg,1308771519339.jpg,monthly_09_2011/post-7-0-12060400-1316641146.jpg,monthly_09_2011/post-7-0-12060400-1316641146.jpg,0,0,1,0,1316641146,"",7,383419,1017,1600,0
94,jpg,1308771609950.jpg,monthly_09_2011/post-7-0-30371300-1316641157.jpg,monthly_09_2011/post-7-0-30371300-1316641157.jpg,0,0,1,0,1316641157,"",7,431887,1013,1600,0
95,jpg,1308771664379.jpg,monthly_09_2011/post-7-0-56210300-1316641166.jpg,monthly_09_2011/post-7-0-56210300-1316641166.jpg,0,0,1,0,1316641166,"",7,341548,1013,1600,0
96,jpg,1308771809537.jpg,monthly_09_2011/post-7-0-60163700-1316641175.jpg,monthly_09_2011/post-7-0-60163700-1316641175.jpg,0,0,1,0,1316641175,"",7,325519,1015,1600,0
97,jpg,1308771841853.jpg,monthly_09_2011/post-7-0-47862900-1316641183.jpg,monthly_09_2011/post-7-0-47862900-1316641183.jpg,0,0,1,0,1316641183,"",7,272766,1002,1600,0
98,jpg,1308771880836.jpg,monthly_09_2011/post-7-0-75202400-1316641193.jpg,monthly_09_2011/post-7-0-75202400-1316641193.jpg,0,0,1,0,1316641193,"",7,380598,1018,1600,0
99,jpg,1308771957553.jpg,monthly_09_2011/post-7-0-26730000-1316641205.jpg,monthly_09_2011/post-7-0-26730000-1316641205.jpg,0,0,1,0,1316641205,"",7,457218,1014,1600,0
100,jpg,1308772005525.jpg,monthly_09_2011/post-7-0-05844300-1316641214.jpg,monthly_09_2011/post-7-0-05844300-1316641214.jpg,0,0,1,0,1316641214,"",7,320194,1011,1600,0
101,jpg,1308772053248.jpg,monthly_09_2011/post-7-0-82190200-1316641223.jpg,monthly_09_2011/post-7-0-82190200-1316641223.jpg,0,0,1,0,1316641223,"",7,362762,1034,1600,0
102,jpg,1308772169232.jpg,monthly_09_2011/post-7-0-57265400-1316641246.jpg,monthly_09_2011/post-7-0-57265400-1316641246.jpg,0,0,1,0,1316641246,"",7,424445,1014,1600,0
103,jpg,1308772237969.jpg,monthly_09_2011/post-7-0-91746100-1316641255.jpg,monthly_09_2011/post-7-0-91746100-1316641255.jpg,0,0,1,0,1316641255,"",7,340334,1010,1600,0
104,jpg,1308772282710.jpg,monthly_09_2011/post-7-0-96185100-1316641266.jpg,monthly_09_2011/post-7-0-96185100-1316641266.jpg,0,0,1,0,1316641266,"",7,419998,1006,1600,0
105,jpg,1308772333821.jpg,monthly_09_2011/post-7-0-12437400-1316641285.jpg,monthly_09_2011/post-7-0-12437400-1316641285.jpg,0,0,1,0,1316641285,"",7,642702,1017,1600,0
106,jpg,1308772385900.jpg,monthly_09_2011/post-7-0-82085400-1316641294.jpg,monthly_09_2011/post-7-0-82085400-1316641294.jpg,0,0,1,0,1316641294,"",7,353907,1013,1600,0
107,jpg,1308772422962.jpg,monthly_09_2011/post-7-0-93853000-1316641309.jpg,monthly_09_2011/post-7-0-93853000-1316641309.jpg,0,0,1,0,1316641309,"",7,620805,1007,1600,0
108,jpg,1308772461618.jpg,monthly_09_2011/post-7-0-47235300-1316641318.jpg,monthly_09_2011/post-7-0-47235300-1316641318.jpg,0,0,1,0,1316641318,"",7,304621,1004,1600,0
109,jpg,1308772495121.jpg,monthly_09_2011/post-7-0-24869000-1316641328.jpg,monthly_09_2011/post-7-0-24869000-1316641328.jpg,0,0,1,0,1316641328,"",7,368832,1010,1600,0
110,jpg,1308772557208.jpg,monthly_09_2011/post-7-0-32766900-1316641340.jpg,monthly_09_2011/post-7-0-32766900-1316641340.jpg,0,0,1,0,1316641340,"",7,454852,1010,1600,0
112,pdf,economicdemocracy.pdf,monthly_09_2011/post-39-0-37762400-1316987558.ipb,"",0,0,0,5,1316987558,"",0,210744,0,0,0
130,jpg,293571_244395858934851_100000933150016_642481_1298904979_n.jpg,monthly_10_2011/post-51-0-67168000-1317965095.jpg,monthly_10_2011/post-51-0-67168000-1317965095.jpg,0,0,1,0,1317965095,"",0,148343,742,960,0
279,jpg,"CIA. The best in Telepathy..JPG",monthly_01_2012/post-122-0-14493500-1327664742.jpg,monthly_01_2012/post-122-0-14493500-1327664742.jpg,0,0,1,0,1327664742,"",0,56177,712,394,0
280,jpg,"MOSSAD. The basics of their Telepathy..JPG",monthly_01_2012/post-122-0-50581600-1327664773.jpg,monthly_01_2012/post-122-0-50581600-1327664773.jpg,0,0,1,0,1327664773,"",0,27742,623,200,0
282,jpg,Whirpool.JPG,monthly_02_2012/post-122-0-14762800-1328108497.jpg,monthly_02_2012/post-122-0-14762800-1328108497.jpg,0,0,1,0,1328108497,"",0,4986,160,157,0
283,jpg,nlstoi.jpg,monthly_02_2012/post-132-0-78874700-1328189879.jpg,monthly_02_2012/post-132-0-78874700-1328189879.jpg,0,0,1,0,1328189879,"",132,83137,721,1098,0
284,jpg,36037_103089036409054_100001238733541_17949_4853144_n.jpg,monthly_02_2012/post-129-0-76162100-1328295858.jpg,monthly_02_2012/post-129-0-76162100-1328295858.jpg,0,0,1,0,1328295858,"",129,57736,718,329,0
285,jpg,226392_108256759261518_100002315821862_90364_1639292_n.jpg,monthly_02_2012/post-129-0-78104500-1328295901.jpg,monthly_02_2012/post-129-0-78104500-1328295901.jpg,0,0,1,0,1328295901,"",129,41188,640,480,0
286,jpg,n542030528_5498228_1071.jpg,monthly_02_2012/post-129-0-12130000-1328295974.jpg,monthly_02_2012/post-129-0-12130000-1328295974.jpg,0,0,1,0,1328295974,"",129,55482,500,339,0
287,jpg,390755_194494257302588_194207013997979_430886_2074579407_n.jpg,monthly_02_2012/post-129-0-53176000-1328295998.jpg,monthly_02_2012/post-129-0-53176000-1328295998.jpg,0,0,1,0,1328295998,"",129,41828,500,400,0
288,jpg,"ISE Flag.jpg",monthly_02_2012/post-165-0-35924600-1330272602.jpg,monthly_02_2012/post-165-0-35924600-1330272602.jpg,0,0,1,0,1330272602,"",0,19182,506,331,0
289,jpg,"ISE-NEW STATES.jpg",monthly_02_2012/post-165-0-35387600-1330272648.jpg,monthly_02_2012/post-165-0-35387600-1330272648.jpg,0,0,1,0,1330272648,"",0,185716,966,1200,0
290,doc,"Basic Principles of the ISE.doc",monthly_02_2012/post-165-0-83483800-1330272673.ipb,"",0,0,0,5,1330272673,"",0,33280,0,0,0
291,doc,"National Anthem ISE.doc",monthly_02_2012/post-165-0-36156700-1330272820.ipb,"",0,0,0,3,1330272820,"",0,41472,0,0,0
292,doc,"Declaration of Independance.doc",monthly_02_2012/post-165-0-26929400-1330272978.ipb,"",0,0,0,2,1330272978,"",0,55808,0,0,0
305,jpg,Perkonkrusts-2.jpg,monthly_04_2012/post-139-0-75562400-1333558409.jpg,monthly_04_2012/post-139-0-75562400-1333558409.jpg,0,0,1,0,1333558409,"",0,25625,280,400,0
306,jpg,12933.jpg,monthly_04_2012/post-139-0-99660300-1333558410.jpg,monthly_04_2012/post-139-0-99660300-1333558410.jpg,0,0,1,0,1333558410,"",0,24877,280,408,0
307,jpg,12961.jpg,monthly_04_2012/post-139-0-10861800-1333558414.jpg,monthly_04_2012/post-139-0-10861800-1333558414.jpg,0,0,1,0,1333558414,"",0,20950,280,403,0
308,jpg,12969.jpg,monthly_04_2012/post-139-0-94276400-1333558415.jpg,monthly_04_2012/post-139-0-94276400-1333558415.jpg,0,0,1,0,1333558415,"",0,22774,280,401,0
309,jpg,13069.jpg,monthly_04_2012/post-139-0-70528900-1333558417.jpg,monthly_04_2012/post-139-0-70528900-1333558417.jpg,0,0,1,0,1333558417,"",0,25036,280,398,0
310,jpg,13761.jpg,monthly_04_2012/post-139-0-20848000-1333558419.jpg,monthly_04_2012/post-139-0-20848000-1333558419.jpg,0,0,1,0,1333558419,"",0,24944,280,394,0
311,jpg,13841.jpg,monthly_04_2012/post-139-0-78158200-1333558420.jpg,monthly_04_2012/post-139-0-78158200-1333558420.jpg,0,0,1,0,1333558420,"",0,25363,280,393,0
312,jpg,13845.jpg,monthly_04_2012/post-139-0-02706800-1333558422.jpg,monthly_04_2012/post-139-0-02706800-1333558422.jpg,0,0,1,0,1333558422,"",0,19341,280,408,0
313,jpg,bufvbcw.jpg,monthly_05_2012/post-230-0-42260900-1336089476.jpg,monthly_05_2012/post-230-0-42260900-1336089476.jpg,0,0,1,0,1336089476,"",0,65884,900,506,0
316,png,"MF Saltire.png",monthly_07_2012/post-295-0-46242700-1341689215.png,monthly_07_2012/post-295-0-46242700-1341689215.png,0,0,1,0,1341689215,"",0,6030,800,480,0
317,jpg,bookstore-brown-noser-small-64814.jpg,monthly_07_2012/post-315-0-22785800-1343045694.jpg,monthly_07_2012/post-315-0-22785800-1343045694.jpg,0,0,1,0,1343045694,"",315,21442,600,404,0
318,jpg,"Jesus with Nazi Soldier.jpg",monthly_08_2012/post-341-0-90299000-1344000244.jpg,monthly_08_2012/post-341-0-90299000-1344000244.jpg,0,0,1,0,1344000244,"",0,34644,296,420,0
320,png,"スクリーンショット 2012-07-30 1.52.06.png",monthly_09_2012/post-821-0-42579100-1347444890.png,monthly_09_2012/post-821-0-42579100-1347444890.png,0,0,1,0,1347444890,"",821,61282,230,211,0
323,jpg,simv1.jpg,monthly_09_2012/post-138-0-87400100-1347752815.jpg,monthly_09_2012/post-138-0-87400100-1347752815.jpg,0,0,1,0,1347752815,"",0,115626,708,659,0
324,jpg,7.jpg,monthly_09_2012/post-138-0-01129500-1347752823.jpg,monthly_09_2012/post-138-0-01129500-1347752823.jpg,0,0,1,0,1347752823,"",0,178573,1200,800,0
325,jpg,123535635.jpg,monthly_10_2012/post-1361-0-28860900-1351460839.jpg,monthly_10_2012/post-1361-0-28860900-1351460839.jpg,0,0,1,0,1351460839,"",0,7650,215,175,0
326,jpg,xrysh-aygh-logo-blue.jpg,monthly_10_2012/post-1361-0-17736000-1351460873.jpg,monthly_10_2012/post-1361-0-17736000-1351460873.jpg,0,0,1,0,1351460873,"",0,243193,600,600,0
327,jpg,DSCN4880.jpg,monthly_11_2012/post-138-0-58627300-1353020707.jpg,monthly_11_2012/post-138-0-58627300-1353020707.jpg,0,0,1,0,1353020707,"",0,176257,1200,900,0
331,jpg,nye.me..jpg,monthly_01_2013/post-2349-0-35965400-1357240225.jpg,monthly_01_2013/post-2349-0-35965400-1357240225.jpg,0,0,1,0,1357240225,"",0,41143,640,480,0
332,jpg,1355044410189.jpg,monthly_01_2013/post-2296-0-36894100-1358098427.jpg,monthly_01_2013/post-2296-0-36894100-1358098427.jpg,0,0,1,0,1358098427,"",0,73091,263,394,0
335,jpg,Clmrk9d.jpg,monthly_02_2013/post-861-0-18849600-1360718247.jpg,monthly_02_2013/post-861-0-18849600-1360718247.jpg,0,0,1,0,1360718247,"",861,173850,693,561,0
336,jpg,22608.jpg,monthly_02_2013/post-2805-0-09162800-1361523565.jpg,monthly_02_2013/post-2805-0-09162800-1361523565.jpg,0,0,1,0,1361523565,"",0,45604,260,356,0
337,jpg,"467px-Bundesarchiv_Bild_146-1978-043-02,_Focke-Wulf_Fw_200_C_Condor.jpg",monthly_02_2013/post-2805-0-01481000-1361523973.jpg,monthly_02_2013/post-2805-0-01481000-1361523973.jpg,0,0,1,0,1361523972,"",0,35536,467,600,0
338,jpg,461022_456274917720226_329014965_o.jpg,monthly_03_2013/post-4122-0-29750400-1363004094.jpg,monthly_03_2013/post-4122-0-29750400-1363004094.jpg,0,0,1,0,1363004094,"",0,197766,1200,449,0
345,jpg,"Comp 1_00000.jpg",monthly_04_2013/post-5343-0-89446900-1365988757.jpg,monthly_04_2013/post-5343-0-89446900-1365988757.jpg,0,0,1,0,1365988757,"",0,262031,860,768,0
